title,company,location,job_link
Core Java,QuEST Global,"Bengaluru, Karnataka",https://in.indeed.com/rc/clk?jk=477b3c9bda2d054f&bb=dy6zM97eQ5iq162f4mDAv7x7rEloZvrEluwxMfKpSWvESfgGyzXJkFtBy_-_GsLHBFHglkokHJ8yfiXDhBDKNhp52lqO4K1foNTjnpTILHtbobP64eRyB1lRZUx0XsDQ&xkcb=SoD-67M36UczfexYc50LbzkdCdPP&fccid=ad3813e46e9342cd&vjs=3
Java AWS Developer,Virtusa,"Hybrid work in Bengaluru, Karnataka",https://in.indeed.com/rc/clk?jk=a4ae4c724e83eb52&bb=dy6zM97eQ5iq162f4mDAvwvrZBms7DUehhfl00Lj3BMYWK5G5q0H8rCEF1D9AMaHaJvQ-dN5Xdmt6HpzXA97W0KP2Q5foZadrMWwxGYt5dBT4w0Vls5eEN2L-Ih-3R1H&xkcb=SoBK67M36UczfexYc50KbzkdCdPP&fccid=146443e77d8c0778&vjs=3
Java Developer,BigShyft,"Bengaluru, Karnataka",https://in.indeed.com/rc/clk?jk=bb8dd5641081860c&bb=dy6zM97eQ5iq162f4mDAv7Kne6VObuxfrsYvWq7vUINBMzfxhdPn46J6AaScKkmBy-2_aLok6d8rKalSBHTRNM8wEw-u8WVxTLE6NgQuBfuXqtXKBtOidFxGuz1LaiIX&xkcb=SoDX67M36UczfexYc50JbzkdCdPP&fccid=df4303b9957be85e&vjs=3
Java Developer,Infosys,"Bengaluru, Karnataka",https://in.indeed.com/rc/clk?jk=21948ba0300fe2e7&bb=dy6zM97eQ5iq162f4mDAv2vXHcse_2naYMlCDL-aCCuG_3aZ6IK6pcVoeexcPd2xqX6Qrb3v7g6Bi4-KCTIQw1gjCXCTTGIhH1I183MP9w36VbKJM_7U_FLdkJS-8F3n&xkcb=SoBj67M36UczfexYc50IbzkdCdPP&fccid=c67533a523c83a4c&vjs=3
Java Developers - Freshers,BigSpire Software,"Banaswadi, Bengaluru, Karnataka",https://in.indeed.com/rc/clk?jk=9c41a3b220869182&bb=dy6zM97eQ5iq162f4mDAvxqccy0n8GYGE0gReiFr_V3e96xf7FncdZagybPgChQaPUXcs5lfguMv6pei1keY2U-8oHFcWc8rbp73uCaeM4SciLR1KSUmvLFx8VhgKPQg&xkcb=SoDt67M36UczfexYc50PbzkdCdPP&fccid=1e3e186f5f922b89&vjs=3
Summer Intern-Software,BAXTER,"Bengaluru, Karnataka",https://in.indeed.com/rc/clk?jk=f5774befb115c00d&bb=dy6zM97eQ5iq162f4mDAv5lKGyCsW028Iyh-8459pBmxHVISx8NN4645MSBdlm1Kl1gmwkcJJQawGa1E_36PPb5GwDTi4mB4iasjKRur2LcaYauCJuuCSw%3D%3D&xkcb=SoBZ67M36UczfexYc50ObzkdCdPP&fccid=a108770a4ae3a921&vjs=3
Java DOJO,Virtusa,"Hybrid work in Bengaluru, Karnataka",https://in.indeed.com/rc/clk?jk=5bbaab4de55eb61e&bb=dy6zM97eQ5iq162f4mDAv5gpJDQIFZR8meNbDzwTCY2eBrv3d7Sbc5kvhg7o7vqjd_Xc8y7yPDcYOYQ29g3XmT3hB_BZliNu32PhKi3tubrLD8rD54IchIv9B9sgnlAt&xkcb=SoDE67M36UczfexYc50NbzkdCdPP&fccid=146443e77d8c0778&vjs=3
Jr Java/Springboot backend developer,QuEST Global,"Bengaluru, Karnataka",https://in.indeed.com/rc/clk?jk=853b203bda063675&bb=dy6zM97eQ5iq162f4mDAvxYGKPNM5FGQUtE_OfLFNBIKFwCehND0zO4I7HRpTRFSLk4cgXPjD2XoUrOL-VHkHEVBPUuHs_igXvpTHycPs2mcKjJeRWEuwNP5L7Rp0-v1&xkcb=SoBw67M36UczfexYc50MbzkdCdPP&fccid=ad3813e46e9342cd&vjs=3
Java Developer,Tata Consultancy Services,"Bengaluru, Karnataka",https://in.indeed.com/rc/clk?jk=8608b3ae939f0a13&bb=dy6zM97eQ5iq162f4mDAv560pjaD0-1GN9EtqBv-IlHWag1cE1fXw-eaPXrgjfwHtv4syy5LEQMt44N9Ybhfr7mpCQJ0D2Or59w6mwAlCwf-9dNuSS1Yf28TjgzQ5xLT&xkcb=SoCZ67M36UczfexYc50DbzkdCdPP&fccid=d9b9208177142548&vjs=3
Java Developer,VinnovateLabz,"Bengaluru, Karnataka",https://in.indeed.com/rc/clk?jk=9deed660f8a954f7&bb=dy6zM97eQ5iq162f4mDAvwvrZBms7DUeHbY70i8kfBXWeIEZ8vXRVbsqUcRYwRrT6uaX3lD1UjemKfGE1Y2519viO8ugzlY443aDZo1qiPucY7YdIis8CT4DzxXg2TWF&xkcb=SoAt67M36UczfexYc50CbzkdCdPP&fccid=c519d15a0ff79072&cmp=vinnovatelabz&ti=Java+Developer&vjs=3
Java Developer,QuEST Global,"Bengaluru, Karnataka",https://in.indeed.com/rc/clk?jk=69bca53c40923e3c&bb=dy6zM97eQ5iq162f4mDAv1SM1u5BfiCOx9Ju1wAlycl852vZ4fQ8eH7JureFN8mr9DeDvN9T6ZG4iI9ebnQ_JCsolWyHUcTmPTgyUcx96U8aOsixnJm-IlUCReIhi92R&xkcb=SoCw67M36UczfexYc50BbzkdCdPP&fccid=ad3813e46e9342cd&vjs=3
Java Developer (2+ Years),Mobile Programming India Pvt Ltd,"Bengaluru, Karnataka",https://in.indeed.com/rc/clk?jk=0b0b51b1a93b14af&bb=dy6zM97eQ5iq162f4mDAvyrJ398DS1ADFbjsmE4w1u2ODEKa7_kfk4k2AtM5RCLLfEJO2Txe3uzY16eg4epdAgY5DY0FEFCbbFYzZorugZlVqGREd87oLxHGvLHQgHr9&xkcb=SoAE67M36UczfexYc50AbzkdCdPP&fccid=8e9735a1bc656e6e&cmp=Mobile-Programming-India-Pvt-Ltd&ti=Senior+Java+Developer&vjs=3
Jr. Software Developer,KESDEE,"Bengaluru, Karnataka",https://in.indeed.com/rc/clk?jk=4a575d16a5b00d92&bb=dy6zM97eQ5iq162f4mDAv2Y9pptaHYbCafEHhWNQxJRRmTIh4PnWXVGaEZqsmCzGOjUGtP1KS96vAH4bSwGhNaw3xS0QsI4o1pMvWVfH3Fs0aL3FCfxHtcNnDl_3nbp6&xkcb=SoCK67M36UczfexYc50HbzkdCdPP&fccid=d5d17b0921afd2c0&vjs=3
Java Developer,I. Capgemini India,"Bengaluru, Karnataka",https://in.indeed.com/rc/clk?jk=743b39df9b06153b&bb=dy6zM97eQ5iq162f4mDAv0hO-Szvqw8cd3DJH3yKA1TQ2PZzFrX-GJ7DW83fC2BGQf5-ylmKVQieMV3tzSVGFPxGjtAWqkan4Fmr6DNCmqKg1DItIrjWE0AcesMr1Fp4&xkcb=SoA-67M36UczfexYc50GbzkdCdPP&fccid=1bcff74eba89570a&cmp=I.-Capgemini-India&ti=Java+Developer&vjs=3
Software Engineer,ANZ Banking Group,"Hybrid work in Bengaluru, Karnataka",https://in.indeed.com/pagead/clk?mo=r&ad=-6NYlbfkN0BdoFW-pgk8qz2lidFvI161WPflgHq6k1T1xIfgNTQtPhDCanp1nZHxe2l0t31lzijUt90Z0yx7IdamAippIOAvZ7z3bbZXySqrgEZHgnyDO_aAe5iCZjyaknncjBK1-6v0MkP81gLvv1xkWqkJLt0MY1sFBlBnrN95siMqRhtCpNXy91lw0WZGIL2MrhCCnr2PwH4eRFKmHVfUnA0OtGJmRiiMiiGLtBNCJWYX4OpWoW8iPQWAwBe_AYUiDZKT3cgdJkb75lci6ZauFLDwNSgD6tWEA-9vkRWDVcbzGqk9xta_MrGe3wx30ODLXNXPiSuSd1X7lURo77rhZP4p6GJd1lhSKNRoA90ubLrFVr31CyIGUSff3fJLAhotDKqvZiroR6UukZF0NsDxLxniXRDftqGntNbBJeijYHP38wxa8JnVgwVZQXO22UZNcdZ72XXaHhkEbdcFkvtGt3H-Maggrb_YwWDBgSuOywJSWAbTYVv4S7aDbQCcmjwh_f6XIytfd16eRT1KNGJaeOxkbjWhLufU8oRd9Hw8wI0Hi2HTbzajWCkIpSDIdvBLIrUJFNMGYh3-70weM4n3Zg_qYVkXdog0d0UxDGjKnrxmBMzj-K75rMUvC-TV4skpl_Ad0-BKRX3-8EdgCWj94Ul5P6WEXzZVuMQy6PUwfoD3ALzaD1J5gwE9g5Ee3DQ1gXMDV98Jo-tdoFBgIA==&xkcb=SoBX6_M36UczfexYc50FbzkdCdPP&camk=NFVmwABINBLJr70mwj7bhA==&p=14&fvj=0&vjs=3
